group,section,length_in,qty,total_ft,total_lb
chamfer_hi,1.50x14,29.0,8,19.3,24.0
chassis_cross,2.50x14,24.0,16,32.0,72.7
chassis_rail,2.50x14,12.0,4,4.0,9.1
chassis_rail,2.50x14,16.0,4,5.3,12.1
chassis_rail,2.50x14,20.0,4,6.7,15.1
chassis_spine,2.50x14,12.0,2,2.0,4.5
chassis_spine,2.50x14,16.0,2,2.7,6.1
chassis_spine,2.50x14,20.0,2,3.3,7.6
deck_hi_cross,2.00x14,24.0,8,16.0,28.0
deck_hi_end,2.00x14,7.0,4,2.3,4.1
deck_hi_end,2.00x14,17.0,4,5.7,9.9
deck_hi_end,2.00x14,24.0,4,8.0,14.0
deck_hi_rail,2.00x14,32.0,6,16.0,28.0
deck_lo_edge,1.75x14,32.0,6,16.0,24.0
joist_hi,1.50x14,32.0,8,21.3,26.5
nose_rim,1.50x14,18.0,2,3.0,3.7
nose_rim,1.50x14,30.0,2,5.0,6.2
nose_stringer,1.50x14,51.5,2,8.6,10.7
nose_stringer,1.50x14,52.2,4,17.4,21.6
nose_stringer,1.50x14,54.5,2,9.1,11.3
post,1.75x14,55.0,8,36.7,54.9
rim_cross,1.50x14,55.0,4,18.3,22.8
rim_stringer,1.50x14,32.0,6,16.0,19.9
skirt_bottom,1.50x14,12.8,8,8.5,10.6
skirt_bottom,1.50x14,24.0,8,16.0,19.9
skirt_drop,1.50x14,11.2,12,11.2,13.9
skirt_stringer,1.50x14,32.0,9,24.0,29.8
skirt_stub,1.50x14,15.9,8,10.6,13.2
tail_rim,1.50x14,40.0,2,6.7,8.3
tail_rim,1.50x14,48.0,2,8.0,9.9
tail_stringer,1.50x14,32.7,2,5.5,6.8
tail_stringer,1.50x14,34.0,2,5.7,7.0
tail_stringer,1.50x14,36.5,2,6.1,7.6
tail_stringer,1.50x14,36.8,2,6.1,7.6
xbrace_end,1.50x14,33.9,4,11.3,14.0
xbrace_end,1.50x14,43.8,4,14.6,18.1
TOTAL,,,177,409.0,603.6
